#index	name
0	Rathma Priest
1	Rathma Priest
2	Rathma Priest
3	Reignited Warrior
4	Horror Warrior
5	Zombie
6	Hungry Dead
7	Ghoul
8	Drowned Carcass
9	Plague Bearer
10	Afflicted
11	Tainted
12	Misshapen
13	Disfigured
14	Damned
15	Foul Crow
16	Blood Hawk
17	Black Raptor
18	Cloud Stalker
19	Fallen One
20	Invader
21	Defiler
22	Carver
23	Carver
24	Brute
25	Yeti
26	Fetid Delver
27	Wailing Beast
28	Gargantuan Beast
29	Desert Strider
30	Spirit Wolf
31	Invader
32	Infidel
33	Assailant
34	FLYING POLAR BUFFALO ERROR
35	FLYING POLAR BUFFALO ERROR
36	FLYING POLAR BUFFALO ERROR
37	FLYING POLAR BUFFALO ERROR
38	Ghost
39	Wraith
40	Specter
41	Apparition
42	Dark Shape
43	Dark Hunter
44	Vile Hunter
45	Dark Stalker
46	Black Rogue
47	Flesh Hunter
48	Dune Beast
49	Rock Dweller
50	Jungle Hunter
51	Doom Ape
52	Temple Guard
53	Moon Clan
54	Night Clan
55	Blood Clan
56	Hell Clan
57	Death Clan
58	Fallen Shaman
59	Invader Shaman
60	Defiler Shaman
61	Carver Shaman
62	Carver Shaman
63	Quill Rat
64	Spike Fiend
65	Thorn Beast
66	Razor Spine
67	Bush Barb
68	Sand Maggot
69	Rock Worm
70	Devourer
71	Giant Lamprey
72	Blood Maggot
73	Tomb Viper
74	Claw Viper
75	Salamander
76	Pit Viper
77	Serpent Magus
78	Sand Leaper
79	Cave Leaper
80	Tomb Creeper
81	Tree Lurker
82	Cliff Lurker
83	Huntress
84	Saber Cat
85	Night Tiger
86	Hell Cat
87	Stinging Swarm
88	Black Locusts
89	Plague Bugs
90	Hell Swarm
91	Dung Soldier
92	Death Beetle
93	Scarab
94	Steel Scarab
95	Bone Scarab
96	Dried Corpse
97	Decayed
98	Embalmed
99	Preserved Dead
100	Cadaver
101	Hollow One
102	Guardian
103	Unraveler
104	Horadrim Ancient
105	Unraveler
106	FLYING POLAR BUFFALO ERROR
107	FLYING POLAR BUFFALO ERROR
108	FLYING POLAR BUFFALO ERROR
109	FLYING POLAR BUFFALO ERROR
110	Carrion Bird
111	Undead Scavenger
112	Hell Buzzard
113	Winged Nightmare
114	Sucker
115	Feeder
116	Blood Hook
117	Blood Wing
118	Gloam
119	Swamp Ghost
120	Burning Soul
121	Black Soul
122	Arach
123	Sand Fisher
124	Poison Spinner
125	Flame Spider
126	Spider Magus
127	Thorned Hulk
128	Bramble Hulk
129	Thrasher
130	Spikefist
131	Ghoul Lord
132	Night Lord
133	Dark Lord
134	Blood Lord
135	The Banished
136	Desert Wing
137	Fiend
138	Gloombat
139	Blood Diver
140	Dark Familiar
141	Jungle Hunter
142	Tree Hunter
143	Jungle Devil
144	Blood Hunter
145	Slayer
146	Deckard Cain
147	Gheed
148	Akara
149	FLYING POLAR BUFFALO ERROR
150	Kashya
151	FLYING POLAR BUFFALO ERROR
152	FLYING POLAR BUFFALO ERROR
153	FLYING POLAR BUFFALO ERROR
154	Charsi
155	Warriv
156	Andariel
157	FLYING POLAR BUFFALO ERROR
158	FLYING POLAR BUFFALO ERROR
159	FLYING POLAR BUFFALO ERROR
160	Dark Ranger
161	Vile Archer
162	Dark Archer
163	Black Archer
164	Flesh Archer
165	Dark Spearwoman
166	Vile Lancer
167	Dark Lancer
168	Black Lancer
169	Flesh Lancer
170	Skeleton Archer
171	Returned Archer
172	Bone Archer
173	Reignited Archer
174	Horror Archer
175	Warriv
176	Atma
177	Drognan
178	Fara
179	FLYING POLAR BUFFALO ERROR
180	Sand Maggot Hatchling
181	Rock Worm Young
182	Devourer Young
183	Lamprey Young
184	Blood Maggot Young
185	FLYING POLAR BUFFALO ERROR
186	Blunderbore
187	Gorebelly
188	Mauler
189	Urdar
190	Sand Maggot Egg
191	Rock Worm Egg
192	Devourer Egg
193	Lamprey Egg
194	Blood Maggot Egg
195	FLYING POLAR BUFFALO ERROR
196	FLYING POLAR BUFFALO ERROR
197	FLYING POLAR BUFFALO ERROR
198	Greiz
199	Elzix
200	Geglash
201	Jerhyn
202	Lysander
203	FLYING POLAR BUFFALO ERROR
204	FLYING POLAR BUFFALO ERROR
205	FLYING POLAR BUFFALO ERROR
206	Foul Crow Nest
207	Blood Hawk Nest
208	Black Raptor Nest
209	Cloud Stalker Nest
210	Meshif
211	Duriel
212	Undead Rat Man
213	Undead Fetish
214	Undead Flayer
215	Undead Soul Killer
216	Magineer
217	Seal of Frost
218	Seal of Hell
219	Seal of Wizardry
220	Seal of Stone
221	Seal of Electrum
222	FLYING POLAR BUFFALO ERROR
223	FLYING POLAR BUFFALO ERROR
224	FLYING POLAR BUFFALO ERROR
225	FLYING POLAR BUFFALO ERROR
226	FLYING POLAR BUFFALO ERROR
227	Maggot
228	Mummy Sarcophagus
229	Radament
230	FLYING POLAR BUFFALO ERROR
231	FLYING POLAR BUFFALO ERROR
232	FLYING POLAR BUFFALO ERROR
233	FLYING POLAR BUFFALO ERROR
234	Flying Scimitar
235	Khanduras Follower
236	Faithful
237	Zealot
238	Sexton
239	Cantor
240	Heirophant
241	Heirophant
242	Mephisto
243	Diablo
244	Deckard Cain
245	Deckard Cain
246	Deckard Cain
247	Swamp Dweller
248	Bog Creature
249	Slime Prince
250	The Summoner
251	Tyrael
252	Asheara
253	Hratli
254	Alkor
255	Ormus
256	Izual
257	Halbu
258	Water Watcher
259	River Stalker
260	Stygian Watcher
261	Water Watcher
262	River Stalker
263	Stygian Watcher
264	Meshif
265	Deckard Cain
266	Flavie
267	Blood Raven
268	FLYING POLAR BUFFALO ERROR
269	FLYING POLAR BUFFALO ERROR
270	Rogue Scout
271	FLYING POLAR BUFFALO ERROR
272	FLYING POLAR BUFFALO ERROR
273	Gargoyle Trap
274	Returned Mage
275	Frozen Warlock
276	Reignited Mage
277	Voltaic Sorcerer
278	Jungle Hunter Shaman
279	Tree Hunter Shaman
280	Jungle Devil Shaman
281	Blood Hunter Shaman
282	Slayer Shaman
283	Larva
284	Sand Maggot Queen
285	Rock Worm Queen
286	Devourer Queen
287	Giant Lamprey Queen
288	Blood Maggot Queen
289	Clay Golem
290	Blood Golem
291	Iron Golem
292	Fire Golem
293	FLYING POLAR BUFFALO ERROR
294	FLYING POLAR BUFFALO ERROR
295	Night Marauder
296	FLYING POLAR BUFFALO ERROR
297	Natalya
298	Flesh Spawner
299	Stygian Hag
300	Grotesque
301	Flesh Beast
302	Stygian Dog
303	Grotesque Wyrm
304	Doom Caster
305	Strangler
306	Storm Caster
307	Corpulent
308	Corpse Spitter
309	Maw Fiend
310	Doom Knight
311	Abyss Knight
312	Oblivion Knight
313	Quill Bear
314	Spike Giant
315	Thorn Brute
316	Razor Beast
317	Barbed Giant
318	FLYING POLAR BUFFALO ERROR
319	Parrot (Critter)
320	FLYING POLAR BUFFALO ERROR
321	FLYING POLAR BUFFALO ERROR
322	FLYING POLAR BUFFALO ERROR
323	FLYING POLAR BUFFALO ERROR
324	FLYING POLAR BUFFALO ERROR
325	FLYING POLAR BUFFALO ERROR
326	a Trap
327	a Trap
328	a Trap
329	a Trap
330	a Trap
331	Kaelan
332	FLYING POLAR BUFFALO ERROR
333	Diablo
334	Sucker Nest
335	Feeder Nest
336	Blood Hook Nest
337	Blood Wing Nest
338	Guard
339	FLYING POLAR BUFFALO ERROR
340	Bone Prison
341	Bone Prison
342	Bone Prison
343	Bone Prison
344	FLYING POLAR BUFFALO ERROR
345	Council Member
346	Council Member
347	Council Member
348	a Turret
349	a Turret
350	a Turret
351	Hydra
352	Hydra
353	Hydra
354	a Trap
355	FLYING POLAR BUFFALO ERROR
356	Decoy
357	Valkyrie
358	FLYING POLAR BUFFALO ERROR
359	Iron Wolf
360	Balrog
361	Pit Lord
362	Venom Lord
363	Necroskeleton
364	Necromage
365	Griswold
366	Compelling Orb
367	Tyrael
368	Dark Wanderer
369	a Trap
370	FLYING POLAR BUFFALO ERROR
371	Thunder Spire
372	Fire Tower
373	Slinger
374	Spear Cat
375	Night Slinger
376	Hell Slinger
377	FLYING POLAR BUFFALO ERROR
378	FLYING POLAR BUFFALO ERROR
379	Frozen Warlock
380	Frozen Warlock
381	Sir Gorash
382	Frozen Warlock
383	Reignited Mage
384	Reignited Mage
385	Reignited Mage
386	Reignited Mage
387	Voltaic Sorcerer
388	Voltaic Sorcerer
389	Voltaic Sorcerer
390	Voltaic Sorcerer
391	Hell Bovine
392	Stained Glass Window
393	Stained Glass Window
394	Spear Cat
395	Night Slinger
396	Jungle Hunter
397	Tree Hunter
398	Jungle Devil
399	Blood Hunter
400	Slayer
401	FLYING POLAR BUFFALO ERROR
402	The Smith
403	Trapped Soul
404	Trapped Soul
405	Jamella
406	Izual
407	Rat Man
408	Hadriel
409	Hephasto The Armorer
410	Wake of Fire
411	Charged Bolt Sentry
412	Lightning Sentry
413	Blade Sentinel
414	Pet
415	Inferno Sentry
416	Death Sentry
417	Shadow Warrior
418	Shadow Master
419	Raven
420	Spirit Wolf
421	Dire Wolf
422	Spirit of Barbs
423	Heart of Wolverine
424	Nephalem Spirit
425	Plague Poppy
426	Cycle of Life
427	Vine Creature
428	Grizzly
429	Eagle
430	Wolf
431	Bear
432	Barricaded Door
433	Barricaded Door
434	Prison Door
435	Barricaded Tower
436	Rot Walker
437	Reanimated Horde
438	Prowling Dead
439	Unholy Corpse
440	Defiled Warrior
441	Siege Beast
442	Crush Beast
443	Blood Bringer
444	Gore Bearer
445	Demon Steed
446	Snow Drifter
447	Abominable
448	Chilled Froth
449	Frozen Abyss
450	Fallen Wolfrider
451	Carver Wolfrider
452	Devilkin Wolfrider
453	Rust Fury
454	Rust Fury
455	Rust Fury
456	Rust Fury
457	Rust Fury
458	Rust Fury
459	Rust Fury
460	Rust Fury
461	Fanatic Enslaved
462	Berserker Slayer
463	Consumed Ice Boar
464	Consumed Fire Boar
465	Frenzied Hell Spawn
466	Frenzied Ice Spawn
467	Insane Hell Spawn
468	Insane Ice Spawn
469	Succubus
470	Vile Temptress
471	Stygian Harlot
472	Hell Temptress
473	Blood Temptress
474	Siren
475	Vile Witch
476	Stygian Fury
477	Blood Witch
478	Hell Witch
479	Overseer
480	
481	Overlord
482	Blood Boss
483	Hell Whip
484	Demon Portal
485	Demon Portal
486	Demon Portal
487	Demon Portal
488	Demon Portal
489	Demon Portal
490	Demon Portal
491	Demon Portal
492	Demon Imp
493	Demon Rascal
494	Demon Gremlin
495	Demon Trickster
496	Demon Sprite
497	Catapult
498	Catapult
499	Catapult
500	Catapult
501	Frozen Creeper
502	Frozen Terror
503	Frozen Scourge
504	Frozen Horror
505	Frozen Scorch
506	Moon Lord
507	Night Lord
508	Blood Lord
509	Hell Lord
510	Death Lord
511	Larzuk
512	Anya
513	Malah
514	Nihlathak
515	Qual-Kehk
516	Catapult
517	Catapult
518	Catapult
519	Catapult
520	Deckard Cain
521	Tyrael
522	Combatant
523	Combatant
524	Barricade
525	Barricade
526	Nihlathak
527	Anya
528	Evil Demon Hut
529	Death Mauler
530	Death Brawler
531	Death Slasher
532	Death Berserker
533	Death Brigadier
534	Barbarian Captive
535	Guard
536	Guard
537	Talic the Defender
538	Madawc the Guardian
539	Korlic the Protector
540	Talic
541	Madawc
542	Korlic
543	Baal
544	Baal
545	Baal
546	Putrid Defiler
547	Wretched Defiler
548	Fetid Defiler
549	Rancid Defiler
550	Rank Defiler
551	Pain Worm
552	Torment Worm
553	Agony Worm
554	Menace Worm
555	Anguish Worm
556	Bunny
557	Council Member
558	Venom Lord
559	Baal
560	Act 5 Hireling 1hs
561	Act 5 Hireling 2hs
562	Festering Appendages
563	Festering Appendages
564	Festering Appendages
565	Festering Appendages
566	Festering Appendages
567	Injured Barbarian 1
568	Injured Barbarian 2
569	Injured Barbarian 3
570	Baal
571	Minion of Destruction
572	Minion of Destruction
573	Minion of Destruction
574	Worldstone Effect
575	Reignited Archer
576	Bone Archer
577	Reignited Archer
578	Returned Archer
579	Horror Archer
580	Afflicted
581	Tainted
582	Misshapen
583	Disfigured
584	Damned
585	Moon Clan
586	Night Clan
587	Hell Clan
588	Blood Clan
589	Death Clan
590	Foul Crow
591	Blood Hawk
592	Black Raptor
593	Cloud Stalker
594	Claw Viper
595	Pit Viper
596	Salamander
597	Tomb Viper
598	Serpent Magus
599	Marauder
600	Infidel
601	Desert Strider
602	Invader
603	Assailant
604	Death Mauler
605	Quill Rat
606	Spike Fiend
607	Razor Spine
608	Carrion Bird
609	Thorned Hulk
610	Slinger
611	Slinger
612	Slinger
613	Vile Archer
614	Dark Archer
615	Vile Lancer
616	Dark Lancer
617	Black Lancer
618	Blunderbore
619	Mauler
620	Returned Mage
621	Reignited Mage
622	Returned Mage
623	Voltaic Sorcerer
624	Frozen Warlock
625	Voltaic Sorcerer
626	Voltaic Sorcerer
627	Huntress
628	Saber Cat
629	Cave Leaper
630	Tomb Creeper
631	Ghost
632	Wraith
633	Specter
634	Succubus
635	Hell Temptress
636	Siren
637	Hell Witch
638	Vile Witch
639	Gloam
640	Black Soul
641	Burning Soul
642	Carver
643	Devilkin
644	Dark One
645	Carver Shaman
646	Devilkin Shaman
647	Dark Shaman
648	Bone Warrior
649	Returned Warrior
650	Gloombat
651	Fiend
652	Moon Lord
653	Hell Lord
654	Scarab
655	Steel Scarab
656	Flayer
657	Stygian Doll
658	Soul Killer
659	Flayer
660	Stygian Doll
661	Soul Killer
662	Flayer Shaman
663	Stygian Doll Shaman
664	Soul Killer Shaman
665	Temple Guard
666	Temple Guard
667	Guardian
668	Unraveler
669	Horadrim Ancient
670	Horadrim Ancient
671	Zealot
672	Zealot
673	Heirophant
674	Heirophant
675	Grotesque
676	Flesh Spawner
677	Grotesque Wyrm
678	Flesh Beast
679	Blood Maggot
680	Blood Maggot Young
681	Blood Maggot Egg
682	Slayer
683	Hell Spawn
684	Greater Hell Spawn
685	Arach
686	Balrog
687	Pit Lord
688	Demon Imp
689	Demon Trickster
690	Undead Stygian Doll
691	Undead Soul Killer
692	Strangler
693	Storm Caster
694	Maw Fiend
695	Blood Lord
696	Ghoul Lord
697	Dark Lord
698	Unholy Corpse
699	Doom Knight
700	Doom Knight
701	Oblivion Knight
702	Oblivion Knight
703	Cadaver
704	Mephisto
705	Diablo
706	Izual
707	Pandora
708	Duriel
709	Baal
710	Slayer
711	Flesh Beast
712	Rotfiend
713	Blighter
714	Pit Beast
715	Archfiend
716	Ichor Maw
717	Desert Strider
718	Marauder
719	Vermilion Sentry
720	Assailant
721	Intruder
722	Skull Ape
723	Duskpelt Beast
724	Marsh Gibbon
725	Gargoyle Ape
726	Temple Guard
727	Skeleton Archer
728	Returned Archer
729	Bone Archer
730	Reignited Archer
731	Horror Archer
732	Balrog
733	Guardian
734	Infernal Defiler
735	Persecutor
736	Cobalt Scarab
737	Garnet Scarab
738	Opal Scarab
739	Emerald Scarab
740	Diamond Scarab
741	ProwlerPriestess
742	Desert Priestess
743	Feline Worshiper
744	Lacuni Fighter
745	Death Spitter
746	Devourer
747	Scorcher
748	Mire Gorger
749	Acid Prince
750	Ice Prince
751	Zombie
752	Hungry Dead
753	Vault Specter
754	Ghoul
755	Castigator
756	Assamite
757	Nosferatu
758	Ventrue
759	Blood Marquis
760	Skeleton Warrior
761	Returned Warrior
762	Bone Warrior
763	Reignited Warrior
764	Horror Warrior
765	Fallen One
766	Invader
767	Defiler
768	Carver
769	Destroyer
770	Fallen Shaman
771	Invader Shaman
772	Defiler Shaman
773	Carver Shaman
774	Destroyer Shaman
775	Fallen Warrior
776	Fallen Hero
777	Knight of War
778	Knight of Pestilence
779	Knight of Famine
780	Jungle Hunter
781	Tree Hunter
782	Jungle Devil
783	Blood Hunter
784	Slayer
785	Jungle Hunter
786	Tree Hunter
787	Jungle Devil
788	Blood Hunter
789	Slayer
790	Scorched Berserk
791	Arreat Deserter
792	Summit Aggressor
793	Stone Warlord
794	Granite King
795	Hidden
796	Fata Morgana
797	Stalker
798	Banshee
799	Ghast
800	Death Gnat
801	Flesh Infester
802	Aspir
803	Nape Slicer
804	Stone Clan
805	Night Clan
806	Flesh Clan
807	Fire Clan
808	Death Clan
809	Stone Clan
810	Night Clan
811	Flesh Clan
812	Fire Clan
813	Death Clan
814	Prowler
815	Desert Cat
816	Feline Witch
817	Lacuni Soldier
818	Frozen Lord
819	Crystal Lord
820	Sapphire Lord
821	Ravenous Titan
822	Sasquatch
823	Burning Titan
824	Cruel Titan
825	Frostborn Titan
826	Abomination
827	Cursed Soul
828	Tainted Soul
829	Twisted Soul
830	Damned Soul
831	Prowler
832	Desert Cat
833	Feline Witch
834	Lacuni Soldier
835	Minotaur
836	Executioner
837	Steel Lord
838	Blood Baron
839	Iron Despot
840	Red Storm
841	Storm Rider
842	Storm Monarch
843	Maelstrom Sire
844	Sun Tiger
845	Moon Panther
846	Thornspine
847	Spike Fiend
848	Mud Vexer
849	Ruins Dweller
850	Depraved Rogue
851	Dark Huntress
852	Assassin
853	Sanguine Rogue
854	Vampiress
855	Depraved Rogue
856	Dark Huntress
857	Flesh Huntress
858	Sanguine Rogue
859	Vampiress
860	Depraved Rogue
861	Dark Huntress
862	Flesh Huntress
863	Sanguine Rogue
864	Vampiress
865	Frozen Warlock
866	Bone Warlock
867	Bone Sorcerer
868	Reignited Mage
869	Reignited Warlock
870	Reignited Sorcerer
871	Voltaic Sorcerer
872	Horror Warlock
873	Horror Sorcerer
874	Giant Tarantula
875	Sand Devil
876	Flame Weaver
877	Soul Spider
878	Chaos Archon
879	Flayer Archon
880	Incarnation
881	Succubus
882	Siren
883	Hellspawn
884	Snow Witch
885	Soul Burner
886	Dominator
887	Arcane Toad
888	Archelom
889	Dark Toad
890	Demonic Toad
891	Barbed Toad
892	Rust Fang
893	Rust Claw
894	Corrosive Beast
895	Rust Creeper
896	Caustic Ravager
897	Bloodclad Vulture
898	Oasis Guard
899	Bone Gasher
900	Death Watcher
901	Dark Knight
902	Hell Knight
903	Chaos Knight
904	Soul Warrior
905	Blood Warrior
906	Dark Accuser
907	Dark Magistrate
908	Dark Cabalist
909	Dark Ancient
910	Dreadwyrm
911	Fire Drake
912	Gold Viper
913	Azure Drake
914	Fiend
915	Blink
916	Gloom
917	Imp
918	Dancing Light
919	Ghost Flame
920	Black Flame
921	Tortured Soul
922	Hierophant
923	Crimson Patriarch
924	Dark Apostle
925	Twilight Augur
926	Templar
927	Crimson Templar
928	Dark Templar
929	Twilight Templar
930	Fire Clan
931	Vampiress
932	Fata Morgana
933	Fallen One
934	Blighter
935	\gold;Kethryes
936	Amazon Warrior
937	Slayer
938	Skeleton Archer
939	Zombie
940	Skeleton Warrior
941	Fallen One
942	Fallen Shaman
943	Steel Lord
944	Harvester
945	Shenk the Overseer
946	Tal Rasha
947	Twisted Sultanah
948	Blighter
949	Twilight Archon
950	Son of Azmodan
951	Moon Panther
952	\orange;Ravening Beast
953	Duriel
954	Kentril Dumon
955	Goliath
956	Cow Soldier
957	Cow Honcho
958	Cow Ninja
959	Cow Shaman
960	Cow Summoner
961	Death Projector
962	Azmodan, Lord of Sin
963	Twilight Augur
964	Akarat
965	Follower of Akarat
966	Tal Rasha
967	Horadric Mage
968	Bul-Kathos
969	Death Projector
970	Death's Mechanic
971	The Butcher
972	Chicken (Critter)
973	Bul-Kathos
974	Shadow Wolf Warrior
975	Death's Fury Totem
976	Blood Tide Totem
978	Elemental Totem
979	Howling Totem
980	Frostclaw Totem
981	Fireheart Totem
982	Mana Tide Totem
983	Stormeye Totem
984	Darkling
985	Rampagor
986	Lamia
987	Overlord
988	Guardian Spirit
989	Defender Spirit
990	Protector Spirit
992	Frozen Warlock
993	Reignited Mage
994	Voltaic Sorcerer
995	The Prophet
996	High Cleric
998	Nun of Vanity
999	Nun of Vanity
1000	Nun of Vanity
1001	Veil Piercer
1002	Councillor Gavin, Vanig's Lost Brother
1003	Fallen One
1004	Creature of Flame
1005	Horazon's Familiar
1006	Bone Archer
1007	Reignited Archer
1008	Horror Archer
1009	Bone Hawk
1010	Burning Hawk
1011	Horror Hawk
1012	Bone Sorcerer
1013	Reignited Sorcerer
1014	Horror Sorcerer
1015	Shadowgate Totem
1016	Slain Soul
1017	Slain Soul
1018	Slain Soul
1019	Slain Soul
1020	Slain Soul
1021	Kabraxis
1022	Buyard Cholik
1023	Possessed Cultist
1024	Possessed Cultist
1025	Ennead Necromancer
1026	Kabraxis
1027	Thunder Bear
1028	Wayfinder's Acolyte
1031	Malic's Messenger
1032	Venomcloud Totem
1033	Sunless Angel
1034	Hollow Disciple
1036	Ethereal
1037	Lightwell
1038	Zakarum's Avatar
1040	Ice Elemental
1041	Champion of the Sun
1043	Flesh Mother
1044	Flesh Fiend
1045	Deathspawn
1046	Venom Fiend
1048	Death Prince
1049	Blood Bengal
1050	Obsidian Ruler
1051	Reaper
1052	Darksister
1053	Thunder Molter
1054	Azure Drake
1055	Corrosive Death
1056	Wracked Soul
1057	Darkmantle
1058	Chimaera Trap
1059	Lord Primus
1060	Gore Crawler
1061	Blood Skeleton
1062	Night Hawk
1063	Abyss Knight
1067	Vile Counselor
1068	Vile Counselor
1069	Lord Aldric Jitan
1070	Rakkis Guardsman
1071	Citizen
1076	Juris Khan, King of Ureh
1079	Amazon Defender
1080	Fallen Warrior
1081	Ghost Flame
1082	Golden Calf
1083	Skovos, Priestess of Karcheus
1084	Philios, Priestess of Hefaetrus
1085	Lycander, Priestess of Zerae
1086	Amazon Warrior
1087	Tree of Fire
1088	Volcanic Shrine
1089	FLYING POLAR BUFFALO ERROR
1090	FLYING POLAR BUFFALO ERROR
1091	FLYING POLAR BUFFALO ERROR
1092	Necrobot
1093	Harpylisk
1094	Concealed Smiter
1095	Alpha
1096	Beta
1097	Gamma
1098	Delta
1099	Epsilon
1100	FLYING POLAR BUFFALO ERROR
1101	Initiate/Acolyte
1102	Shadow Master
1103	Servant of Valor
1104	Ethereal
1105	Zakarum's Avatar
1107	Treewarden
1108	Blood Baron
1109	Bartuc
1110	Blood Golem
1111	Fire Elemental
1113	Void Archon
1114	Exploding Totem
1117	Familiar
1119	Que-Hegan
1120	Peace Warder
1121	Peace Warder (Hallucination)
1122	Living Flame
1123	Shrieker
1124	Magma Drake
1125	Dark Vizjerei
1126	Mind Warrior
1127	Armageddon Knight
1128	Ghost Phoenix
1129	SteelCrusher
1130	Riftborn
1131	Dirge
1132	Void Archon
1133	Brood Mother
1134	Corruptor Warlock
1135	Broodling
1136	Dark Champion
1137	Dark Champion
1138	Cruciator
1139	Deathless
1140	Boreal Scarab
1141	Darkwarden
1142	Hellcat Priestess
1143	Hellcat
1144	Hellcat
1145	Brutal Titan
1146	Broken Soul
1147	Glacier Stormlord
1148	Phantasm
1149	Locust of Affliction
1150	Edyrem of Destruction
1151	Thunderling
1152	Storm Shaman
1153	Silver Tyrant
1154	Gale Forger
1155	Son of Lucion
1156	Fireblood
1157	Skull Clan
1158	Skull Clan
1159	Ember Prince
1160	Putrid Mauler
1161	Knight of Death
1162	Plagued Archer
1163	Plagued Warrior
1164	Fetish Stalker
1165	Fetish Hunter
1166	Annihilator
1167	Ifrit
1168	Hellion
1169	Overseer
1175	Divebomb
1176	Nightmare
1177	Quill Bear
1178	Frost Raptor
1179	Bonegrinder
1180	Corruptor Archer
1181	CorruptorZ
1182	Lament
1183	Corpse Nester
1184	Warforged Shaman
1185	Bloodfire Rogue
1186	Bloodfire Rogue
1187	Steelfur Titan
1188	Hivehost
1189	Corruptor Mage
1190	Daystar
1191	Desert Scarab
1192	Dreamstealer
1193	Shredded Soul
1194	Ice Clan
1195	Jade Creeper
1196	Fallen Priest
1197	Plague Bringer
1198	Djinn
1199	Simian Rex
1200	Adder
1201	Mangler Toad
1202	Brood Swarm
1203	Cog
1204	Ice Clan
1205	Infernal Contraption
1206	Baal (Vision of Destruction)
1208	Tyrael
1209	Chimaera Trap
1210	Holy Nephalem
1211	
1212	Symbol of Time
1213	Shock Beast
1214	Darksister
1215	Obsidian Ruler
1216	Sacrifical Lamb
1217	Dark Nephalem
1218	Uldyssian, Dark Edyrem King
1219	Imperius
1220	Malthael
1221	Edyrem
1222	Dark Nephalem
1223	Mazi's Eidolon
1224	Mazi's Eidolon
1225	Celebrant of the Triune
1226	Morlu
1227	Lilith
1229	Ghost Wolf
1230	Skull Clan
1231	Daystar
1232	Shredder
1233	Bane Monster
1234	Dead Wall Totem
1235	Dead Wall Zombie
1236	Cobra
1237	Lurker Toad
1238	Thunderbolt
1239	Wereowl
1240	Iced Soul
1241	Glacier Lord
1242	Horned Leviathan
1243	Son of Azmodan
1244	Tempest Arcanist
1245	Deathfire Bearer
1246	Dark Star Dragon
1247	Chimaera Trap
1248	Howling Spirit
1249	Dark Star Dragon
1250	Fallen One
1251	Imperius
1252	Daystar
1253	Quov Tsin
1254	Spirit of Vengeance
1255	Morlu
1256	Peace Warder
1257	Living Flame
1258	Shrieker
1259	Dark Vizjerei
1260	Mind Warrior
1261	Ni Va
1262	Admonisher
1263	SteelCrusher
1264	Riftborn
1265	Dirge
1266	Void Archon
1267	Corruptor Warlock
1268	High Priestess
1269	Unseelie Matriarch
1270	Cruciator
1271	Deathless
1272	Swamp Scion
1273	Heretic
1274	Brutal Titan
1275	Onyx Knight
1276	Glacier Stormlord
1277	Phantasm
1278	Locust of Affliction
1279	Edyrem
1280	Thunderling
1281	Basilisk
1282	Tree of Life
1283	Gale Forger
1284	Sanguine Servant
1285	Fireblood
1286	Bloodlith
1287	Gremlin
1288	Ember Prince
1289	Putrid Mauler
1290	Wraithlord
1291	Havoc Spawn
1292	Grubber 
1293	Fetish Stalker
1294	Fetish Hunter
1295	Ravager
1296	Ifrit
1297	Hellion
1298	Nightmare
1299	Quill Bear
1300	Frost Raptor
1301	Bonegrinder
1302	Hellpit Hunter
1303	Plagued Archer
1304	Lament
1305	Corpse Nester
1306	Storm Shaman
1307	Ash Troll
1308	Bloodfire Rogue
1309	Alpha Centaur
1310	Plagued Warrior
1311	Cenobite
1312	Daystar
1313	Desert Scarab
1314	Dreamstealer
1315	Shredded Soul
1316	Gnoll
1317	Jade Creeper
1318	Ghost Phoenix
1319	Plague Bringer
1320	Djinn
1321	Simian Rex
1322	Adder
1323	Mangler Toad
1324	Cog
1325	Ice Clan
1326	Cobra
1327	Lurker Toad
1328	Thunderbolt
1329	Wereowl
1330	Magma Drake
1331	Annihilator
1332	Warforged Shaman
1333	Achondrite Beast
1334	Tempest Arcanist
1335	Deathfire Bearer
1336	Rotfiend
1337	Blighter
1338	Pit Beast
1339	Archfiend
1340	Ichor Maw
1341	Desert Strider
1342	Marauder
1343	Invader
1344	Assailant
1345	Intruder
1346	Skull Ape
1347	Duskpelt Beast
1348	Marsh Gibbon
1349	Gargoyle Ape
1350	Temple Guard
1351	Skeleton Archer
1352	Returned Archer
1353	Bone Archer
1354	Reignited Archer
1355	Horror Archer
1356	Balrog
1357	Guardian
1358	Infernal Defiler
1359	Persecutor
1360	Cobalt Scarab
1361	Garnet Scarab
1362	Opal Scarab
1363	Emerald Scarab
1364	Diamond Scarab
1365	ProwlerPriestess
1366	Desert Priestess
1367	Feline Worshiper
1368	Lacuni Fighter
1369	Ambusher
1370	Pest
1371	Tenebral
1372	Mire Gorger
1373	Acid Prince
1374	Ice Prince
1375	Zombie
1376	Hungry Dead
1377	Vault Specter
1378	Ghoul
1379	Castigator
1380	Assamite
1381	Nosferatu
1382	Ventrue
1383	Blood Marquis
1384	Skeleton Warrior
1385	Returned Warrior
1386	Bone Warrior
1387	Reignited Warrior
1388	Horror Warrior
1389	Fallen One
1390	Invader
1391	Defiler
1392	Carver
1393	Destroyer
1394	Fallen Shaman
1395	Invader Shaman
1396	Defiler Shaman
1397	Carver Shaman
1398	Destroyer Shaman
1399	Fallen Warrior
1400	Fallen Hero
1401	Knight of War
1402	Knight of Pestilence
1403	Knight of Famine
1404	Jungle Hunter
1405	Tree Hunter
1406	Jungle Devil
1407	Blood Hunter
1408	Slayer
1409	Jungle Hunter
1410	Tree Hunter
1411	Jungle Devil
1412	Blood Hunter
1413	Slayer
1414	Scorched Berserk
1415	Arreat Deserter
1416	Summit Aggressor
1417	Stone Warlord
1418	Granite King
1419	Hidden
1420	Fata Morgana
1421	Stalker
1422	Banshee
1423	Ghast
1424	Death Gnat
1425	Flesh Infester
1426	Aspir
1427	Nape Slicer
1428	Stone Clan
1429	Night Clan
1430	Flesh Clan
1431	Fire Clan
1432	Death Clan
1433	Stone Clan
1434	Night Clan
1435	Flesh Clan
1436	Fire Clan
1437	Death Clan
1438	Prowler
1439	Desert Cat
1440	Feline Witch
1441	Lacuni Soldier
1442	Frozen Lord
1443	Crystal Lord
1444	Sapphire Lord
1445	Ravenous Titan
1446	Sasquatch
1447	Burning Titan
1448	Cruel Titan
1449	Frostborn Titan
1450	Abomination
1451	Cursed Soul
1452	Tainted Soul
1453	Twisted Soul
1454	Damned Soul
1455	Prowler
1456	Desert Cat
1457	Feline Witch
1458	Lacuni Soldier
1459	Minotaur
1460	Executioner
1461	Steel Lord
1462	Blood Baron
1463	Iron Despot
1464	Red Storm
1465	Storm Rider
1466	Storm Monarch
1467	Maelstrom Sire
1468	Sun Tiger
1469	Moon Panther
1470	Thornspine
1471	Spike Fiend
1472	Mud Vexer
1473	Ruins Dweller
1474	Depraved Rogue
1475	Dark Huntress
1476	Assassin
1477	Sanguine Rogue
1478	Vampiress
1479	Centaur
1480	Doom Hunter
1481	Couatl
1482	Aranoch's Shark
1483	Proteus
1484	Depraved Rogue
1485	Dark Huntress
1486	Flesh Huntress
1487	Sanguine Rogue
1488	Vampiress
1489	Frozen Warlock
1490	Bone Warlock
1491	Bone Sorcerer
1492	Reignited Mage
1493	Reignited Warlock
1494	Reignited Sorcerer
1495	Voltaic Sorcerer
1496	Horror Warlock
1497	Horror Sorcerer
1498	Giant Tarantula
1499	Sand Devil
1500	Flame Weaver
1501	Soul Spider
1502	Carrion Worm
1503	Black Knight
1504	Cultist
1505	Succubus
1506	Siren
1507	Hellspawn
1508	Snow Witch
1509	Soul Burner
1510	Dominator
1511	Arcane Toad
1512	Archelom
1513	Dark Toad
1514	Demonic Toad
1515	Barbed Toad
1516	Rust Fang
1517	Rust Claw
1518	Corrosive Beast
1519	Rust Creeper
1520	Caustic Ravager
1521	Bloodclad Vulture
1522	Oasis Guard
1523	Bone Gasher
1524	Death Watcher
1525	Molting Torment
1526	Scoria
1527	Hellforged
1528	Pit Knight
1529	Moon Wailer
1530	Dark Accuser
1531	Dark Magistrate
1532	Dark Cabalist
1533	Dark Ancient
1534	Dreadwyrm
1535	Fire Drake
1536	Gold Viper
1537	Azure Drake
1538	Fiend
1539	Blink
1540	Gloom
1541	Imp
1542	Dancing Light
1543	Ghost Flame
1544	Black Flame
1545	Tortured Soul
1546	Hierophant
1547	Crimson Patriarch
1548	Dark Apostle
1549	Twilight Augur
1550	Templar
1551	Crimson Templar
1552	Dark Templar
1553	Twilight Templar
1554	Black Knight
1555	Onyx Knight
1556	Gargoyle
1557	Achondrite Beast
1558	Fell Pit Fiend
1559	Mutilator
1560	Pit Knight
1561	Moon Wailer
1562	Serafiend
1563	GlowingFungus
1564	Swamp Scion
1565	Cultist
1566	Heretic
1567	Astrogha
1568	Spider Statue
1569	Darkling
1570	Edyrem
1571	Corruptor Archer
1572	Shrine of Extinction
1573	The Cow King
1574	Elder Guardian
1575	Behemoth
1576	Desert Hulk
1577	Hellpit Hunter
1578	Asatruar
1579	Gothi
1580	Ent
1581	Tree of Life
1582	Sanguine Servant
1583	High Priestess
1584	Bull Prince
1585	Molting Torment
1586	Scoria
1587	Hellforged
1588	Bloodlith
1589	Direwolf Rider
1590	Worg Rider
1591	Condemned
1592	Sinner
1593	Cenobite
1594	Siegebreaker
1595	Admonisher
1596	Belial, Lord of Lies
1597	Pit Stone
1598	Wicked Man
1599	Rock Maul Slayer
1600	Asatruar
1601	Defiant Fury
1602	Sinner
1603	Avalanche
1604	Glowing Fungus
1605	Ratfink
1606	Belial, Lord of Lies
1607	Slain Soul
1608	Slain Soul
1609	Slain Soul
1610	Slain Soul
1611	Slain Soul
1612	Assur
1614	Putrid Spawn
1615	Blood Golem
1616	Necrobot
1617	Malthael
1618	Siren
1619	Edyrem
1621	Black Hand Totem
1622	Archbishop Lazarus
1623	Groupie
1624	Magineer
1625	Demonflesh Surrogate
1626	Vorpal Elytron
1627	Augmented Inquisitor
1628	Accursed Demihuman
1629	Master Control System
1630	Sentinel (Chaingun)
1631	Sentinel (Drones)
1632	Sentinel (Drones)
1633	Sentinel (Enforcers)
1634	Sentinel (Enforcers)
1635	Sentinel (Mines)
1636	Sentinel (MIRV)
1637	Sentinel (EMP)
1638	Energy Shield Totem
1639	Sentinel (Chaingun)
1640	Sentinel (Chaingun)
1641	Sentinel (Magineers)
1642	Leprechaun
1643	Elfin Spirit
1644	Hellpit Hunter
1645	Asathorr
1646	Dreadwyrm
1647	Ratfink
1648	Onyx Knight
1649	Devil's Fang Totem
1650	Wolf Companion
1651	Akarat
1652	Dragon's Egg
1653	Dragon's Egg
1654	Baalspawn
1655	Baalspawn
1656	Dragon's Egg
1657	Dragon's Egg
1658	Baalspawn
1659	Baalspawn
1660	Jinn
1661	Quill Bear
1662	Frost Raptor
1663	Condemned
1664	Narthal
1665	Corruptor Warlock
1666	Phantasm
1667	Ice Clan
1668	Plague Bringer
1669	Deathfire Bearer
1670	Shrieker
1671	Sinner
1672	Gothi
1673	Scoria
1674	Admonisher
1675	Hellcat Priestess
1676	Maghda
1678	Thunderbolt
1679	Ghost Phoenix
1680	Plagued Archer
1681	Son of Lucion
1682	Ironclad Dretch
1683	Glacier Stormlord
1684	Serafiend
1685	Deathfire Bearer
1686	Wereowl
1687	Treewarden
1688	Rampagor
1689	Skeletal Flayer
1690	Totembound Guardian
1691	Veil King
1692	Veil Terror
1693	Ghast
1694	Veil King
1695	Armageddon Knight
1696	Fear Bomb Totem
1697	Wereowl
1698	Midnight Fairy
1699	Clawstorm Terror
1700	Landmass
1701	Glowing Blob
1702	Fairy Witch
1703	Bane Hunter
1704	a startled Witch...
1705	FLYING POLAR BUFFALO ERROR
1706	Clawstorm Terror
1707	Landmass
1708	Glowing Blob
1709	Fairy Witch
1710	Bane Hunter
1711	a startled Witch...
1712	Zoltun Kulle
1713	Horadric Mage
1715	Thunderbolt
1716	Broken Soul
1717	Sinner
1718	Dark Vizjerei
1719	Dimensional Gate
1720	Horadric Mage
1721	Magineer
1722	Warlock
1723	Centaur
1724	Doom Hunter
1725	Alpha Centaur
1726	Dreadwing
1727	Stirge
1728	Wraithlord
1729	Ambusher
1730	Havoc Spawn
1731	Pest
1732	Gremlin
1733	Tenebral
1734	Gnoll
1735	Aberrant Lizard
1736	Basilisk
1737	Crowned Serpent
1738	Svartalf
1739	Unseelie Matriarch
1740	Heresiarch
1741	Que-Hegan
1742	Unseelie Dame
1743	Warlock
1744	Black Cat Familiar
1745	Diablo
1746	Scorcher
1747	Boar
1748	Detonator
1749	Hypnotoad
1750	Astral Guardian
1751	Necromorb
1752	Blight's Hierarch
1754	Jungle Snake
1755	Lantern Archon
1756	Feyr
1757	Sunless Reveler
1758	Sunless Mutant
1759	Porkchop
1760	Porkchop
1761	The Pack
1762	The Pack
1763	Hemoplague
1764	Hemoplague
1765	Hemoplague
1766	Hemoplague
1767	Shadow Self
1768	Iceclaw the Merciless
1771	Impious Hound
1772	Flit
1773	Cave Snapper
1774	Grubber 
1775	Grubber 
1779	Couatl
1780	Aranoch's Shark
1781	Proteus
1782	Ni Va
1785	Searing Vermin
1786	Mahasattva
1787	Carrion Worm
1788	Slimer
1789	Ravager
1790	Sewer Troll
1791	Dungeon Troll
1792	Ash Troll
1793	Wandering Sarandesh
1794	Fallen Sarandesh
1795	Flit
1796	Flit
1797	Gale Forger
1798	Fireblood
1799	Jade Creeper
1800	Wereowl
1801	Onyx Knight
1802	Achondrite Beast
1803	Serafiend
1804	Heretic
1805	Hellpit Hunter
1806	Cenobite
1807	Admonisher
1808	Alpha Centaur
1809	Gnoll
1810	Basilisk
1811	Unseelie Dame
1812	Detonator
1813	Ash Troll
1815	Mahasattva
1816	Fallen Sarandesh
1817	Sleeping Cave Snapper
1818	Fetish Rocketeer
1819	Silverbolt
1821	Blur
1822	Blur
1823	Chimaera Trap
1824	Light Elemental
1825	Fire Elemental
1826	Ice Elemental
1827	Earth Elemental
1828	Magic Elemental
1829	Spirit of Electrum
1830	Spirit of Hell
1831	Spirit of Frost
1832	Spirit of Stone
1833	Spirit of Wizardry
1834	Pillar of Skulls
1835	Kabraxis, the Thief of Hope 
1836	Shadow Self
1837	Hell Rat
1838	Ghost of Kabraxis
1839	Nothing
1840	Darkwarden
1842	Inarius
1843	Bull Prince Rodeo
1844	Imperius
1845	Malthael
1846	Andariel
1847	Juris Khan, King of Ureh
1848	Quov Tsin
1849	Skovos, Priestess of Karcheus
1850	Philios, Priestess of Hefaetrus
1851	Lycander, Priestess of Zerae
1852	Horazon's Familiar
1853	Tal Rasha
1854	Duriel
1855	Lord Primus
1856	Mephisto
1857	Dark Star Dragon
1858	Baal
1859	Malic
1860	Lord Aldric Jitan
1861	The Butcher
1862	Diablo
1863	Death Projector
1878	Moreina the Corrupted
1879	The Dark Countess
1880	Radament the Fallen
1881	Jazreth the Deceived
1882	Sankekur the Revered
1883	Zhar the Mad
1884	Deathshade Fleshmaul
1885	Nihlathak the Treacherous
1886	Master of Deception
1887	General of Vices
1888	Talic's Defiled Memory
1889	Madawc's Defiled Memory
1890	Korlic's Defiled Memory
1891	Demon Queen
1892	Maggot King
1893	Mefis
1894	Dialon
1895	Bala
1896	Uldyssian the Tainted
1897	Edyrem
1898	\orange;Abyssal Spire
1899	Gestating Growth
1900	Gestating Growth
1901	Gestating Growth
1902	Gestating Growth
1903	Gestating Growth
1904	Gestating Growth
1905	Deimoss the Fleshweaver
1906	Deimoss the Fleshweaver
1907	Corrupted Amazon
1908	Corrupted Assassin
1909	Corrupted Barbarian
1910	Corrupted Necromancer
1911	Gharbad the Weak
1912	Navigator
1913	Twisted Clawstorm
1914	BossRathma
1915	Uldyssian the Tainted
1916	Kabraxis, the Thief of Hope 
1917	Astrogha
1918	Archbishop Lazarus
1919	\orange;Councillor Ormac
1920	Lesser Riftwalker
1921	\orange;Councillor Ormac
1922	\orange;Councillor Ormac
1923	Crystal Lord
1924	Crystal Lord
1925	Water Watcher
1926	Necrobot
1927	Black Raptor Nest
1928	Sucker
1929	Pirate of the Twin Seas
1930	Thunder Storm
1931	\orange;Abyssal Spire
1932	\orange;Abyssal Spire
1933	\orange;Councillor Ormac
1934	\orange;Councillor Vanig
1935	\orange;Abyssal Spire
1936	\orange;Abyssal Spire
1939	BossRathma
1940	BossRathma
1941	BossRathma
1942	
1962	Imperius
1963	Juris Khan, King of Ureh
1965	Azgar
1966	Druid Student
1967	Corrupted Werewolf
1968	Druid Student
1969	Corrupted Seer
1970	Druid Student
1971	Corrupted Wereowl
1972	Druid Student
1973	Corrupted Werebear
1974	Druid Student
1975	Corrupted Hunter
1976	Sapling Guard
1977	Void Corruptor
1978	Scytheclaw
1979	ScosBloodlord
1980	Spriggan
1981	Dryad Spawn
1982	Bul Kathos
1983	Vasily
1984	Rhino Beetle
1985	Azgar
1986	Azgar
1987	Visionary of Destruction
1988	Emissary of Destruction I
1989	Emissary of Destruction II
1990	Lord of Destruction
1991	Ancient Gate
1992	Ancient Gate
1993	Ancient Gate
1994	Bul Kathos
1995	Vasily
1996	Bul Kathos
1997	Vasily
1998	Visionary of Destruction
1999	Visionary of Destruction
2000	Visionary of Destruction
2001	Visionary of Destruction
2002	Visionary of Destruction
2003	Visionary of Destruction
2004	Visionary of Destruction
2005	Visionary of Destruction
2006	Visionary of Destruction
2007	Visionary of Destruction
2008	Visionary of Destruction
2009	Visionary of Destruction
2021	vv_SandMaggotYoung
2022	Sand Maggot Egg
2023	Sand Maggot Ghost
2025	Sand Maggot Ghost
2026	Umbaru Spirit
2027	Umbaru Spirit
2028	Umbaru Spirit
2029	Umbaru Spirit
2030	Umbaru Spirit
2031	Umbaru Spirit
2032	Zagraal's Shadow
2033	Goliath
2034	Guardian of Giyua
2035	Spirit of Giyua
2036	Harvester of Souls
2037	Unformed Phantasm
2038	Zagraal's Shadow
2042	Lost Traveler
2043	a startled Witch...
2044	Atanna Khan
2045	Lost Traveler
2046	Mysterious Companion
2047	Mysterious Companion
2048	Xazax
2049	Mysterious Companion
2050	Mysterious Companion
2051	Celestial Descendant
2052	Ankheg
2054	Moloch
2055	Chimera
2056	Death Servant
2057	Crest of Atrophy
2058	Drowned Beast
2059	Gehreleth
2060	Wight
2061	Gemini Hunters
2062	Valthek, the Archmage
2063	Scorned
2064	Gilded Gigas
2065	Silver Golem
2066	Stone Frog
2067	Red-Armed Soldier
2068	Harpy of Decay
2069	Hobgoblin
2070	Saurian Deacon
2071	Scincid Rogue
2072	Dark Ogre
2073	Polar Worm
2074	Occult Flagellant
2075	Veil Tyrant
2076	Vicar of Sorrow
2077	Profane Enchanter
2078	Wyvern
2079	Thokola
2080	Aguares
2081	Subterranean Predator
2082	Kalight
2083	Scholar of Anguish
2084	Scholar of Pain
2085	Scholar of Hatred
2086	Scholar of Terror
2087	Scholar of Destruction
2088	Valthek's Altar
2090	Mystic Aegis
2091	Chimaera Trap
2092	Fireheart Totem
2093	Mystic Aegis
2094	Umbaru Spirit
2098	Lucion
2099	Durram
2100	Deathbat
2101	Malic
2102	Chimaera Trap
2103	Temple Spire
2104	Primal Clay
2105	Impaler Archon
2106	Kraken Guard
2107	Tiefling
2108	Dragon Oath
2111	Inarius
2112	Ancestral Seal
2113	Lilith
2114	Inarius
2115	Soul of Greed
2116	Soul of Envy
2117	Soul of Lust
2118	Soul of Gluttony
2119	Soul of Wrath
2120	Soul of Sloth
2121	The Void (trap)
2122	Soul of Pride
2123	Soul of Pride
2124	The Void (trap)
2125	\gold;Pac-Man
2127	Slave of Envy
2128	Vacuous Concubine
2129	The Void (trap)
2130	The Void (trap)
2131	Soul of Pride
2132	The Void (trap)
2133	Peacekeeper Trap
2134	The Void (trap)
2135	Darkspawn
2136	The Void (trap)
2137	FLYING POLAR BUFFALO ERROR
2138	Eternal Ghost
2139	The Void (trap)
2140	The Void (trap)
2141	The Void (trap)
2142	\gold;Pac-Man
2143	RiftTrap
2144	The Void (trap)
2145	Necrobot
2146	FLYING POLAR BUFFALO ERROR
2151	Disguised Edyrem
2152	Disguised Edyrem
2154	Disguised Edyrem
2155	Disguised Edyrem
2158	Disguised Edyrem
2159	Samael, Herald of the End
2160	Blur
2161	Disguised Edyrem
2162	The Void (trap)
2163	Disguised Edyrem
2164	Disguised Edyrem
2165	Edyrem
2166	Temple Spire
2167	Disguised Edyrem
2172	Veil King
2173	Hoplite
2174	\red;Blinky
2175	\orange;Clyde
2176	\blue;Inky
2177	\purple;Pinky
2178	Nephalem Statue
2179	Nephalem Statue
2180	Nephalem Statue
2181	Nephalem Statue
2182	Nephalem Statue
2183	Nephalem Statue
2184	Nephalem Statue
2192	The Void (trap)
2193	Pirate of the Twin Seas
2194	Athulua, the Amazonian Goddess
2202	Blade Spirit
2203	Disguised Edyrem
2204	Sewer Rat
2205	Cultist
2206	Crystal Lord
2207	Skeleton Archer
2208	Returned Archer
2209	Daystar
2210	Sanguine Servant
2211	Corruptor Archer
2212	Soul Spider
2213	Celebrant of the Triune
2214	Morlu
2215	Umbaru Spirit
2216	Goliath
2217	Landmass
2218	Howling Spirit
2219	Hungry Dead
2220	Bone Archer
2221	Reignited Archer
2222	Horror Archer
2223	Frostborn Titan
2224	Groupie
2225	Bloodfire Rogue
2226	Iced Soul
2227	Hemoplague
2228	Crimson Templar
2229	Citizen
2230	Silverbolt
2231	Ravenous Titan
2232	Sasquatch
2233	Burning Titan
2234	Cruel Titan
2235	\orange;Abomination
2236	Steel Lord
2237	Blood Marquis
2238	Stone Clan
2239	Clawstorm Terror
2240	Glowing Blob
2241	Fairy Witch
2242	Bane Hunter
2243	Tal Rasha
2244	Umbaru Spirit
2245	Balrog
2246	Wracked Soul
2247	Darkmantle
2248	Darkling
2249	Moon Panther
2250	Void Archon
2251	Fire Clan
2252	Searing Vermin
2253	Mahasattva
2254	Shrieker
2255	Venom Fiend
2256	Frozen Lord
2257	Sleeping Cave Snapper
2258	Death's Mechanic
2259	Returned Warrior
2260	ProwlerPriestess
2261	Edyrem
2262	Bone Sorcerer
2263	Reignited Sorcerer
2264	Horror Sorcerer
2265	Minion of Terror
2266	Putrid Mauler
2267	Skeleton Warrior
2268	Mazi's Eidolon
2269	Veil Terror
2270	Umbaru Spirit
2271	Iron Despot
2272	Umbaru Spirit
2273	Asatruar
2274	Bloodclad Vulture
2275	Death Watcher
2276	Serafiend
2277	Sinner
2278	Tree of Life
2279	Ratfink
2280	Slain Soul
2281	Slain Soul
2282	Slain Soul
2283	Slain Soul
2284	Slain Soul
2285	Knight of War
2286	Knight of Pestilence
2287	Knight of Famine
2288	Fallen One
2289	Cog
2290	Ironclad Dretch
2291	Onyx Knight
2292	Blighter
2293	Wraith
2294	Gloom
2295	Templar
2296	Deathfire Bearer
2297	Infernal Defiler
2298	Dirge
2299	Living Flame
2300	Glacier Lord
2301	Glacier Stormlord
2302	Wereowl
2303	Magineer
2304	Demonflesh Surrogate
2305	Vorpal Elytron
2306	Augmented Inquisitor
2307	Accursed Demihuman
2308	Succubus
2309	Dark Magistrate
2310	Mud Vexer
2311	Putrid Spawn
2312	Umbaru Spirit
2313	Balrog
2314	Porkchop
2315	Warlock
2316	Knight of Death
2317	Fireblood
2318	Soul Warrior
2319	Blood Warrior
2320	Que-Hegan
2321	Molting Torment
2322	Dark Huntress
2323	Zombie
2324	Flayer Archon
2325	Dark Nephalem
2326	Rotfiend
2327	Defiler
2328	Ghost Wolf
2329	Dark Templar
2330	Condemned
2331	Moon Wailer
2332	Stone Clan
2333	Nape Slicer
2334	Bonegrinder
2335	Baal (Vision of Destruction)
2336	Ghast
2337	Ice Prince
2338	Hellforged
2339	Achondrite Beast
2340	Necrobot
2341	Direwolf Rider
2342	Siegebreaker
2343	Ice King
2344	Banshee
2345	Dreamstealer
2346	Imp
2347	Night Clan
2348	The Pack
2349	Citizen
2350	Penitent
2351	The Void (trap)
2352	The Void (trap)
2353	Moon Arachnid
2354	Minion of Destruction
2355	Vision of Anguish
2356	Vision of Pain
2357	Vision of Hatred
2358	Vision of Terror
2359	Forest Keeper
2360	Crippling Swarm
2361	Khazra Clan
2362	Moon Arachnid
2363	Rathma's Chosen
2364	Que-Hegan
2365	Peace Warder
2366	Peace Warder (Hallucination)
2367	Living Flame
2368	Shrieker
2369	Magma Drake
2370	Dark Vizjerei
2371	Mind Warrior
2372	Armageddon Knight
2373	Ghost Phoenix
2374	SteelCrusher
2375	Riftborn
2376	Dirge
2377	Void Archon
2378	Brood Mother
2379	Corruptor Warlock
2380	Broodling
2381	Dark Champion
2382	Dark Champion
2383	Cruciator
2384	Deathless
2385	Boreal Scarab
2386	Hellcat Priestess
2387	Hellcat
2388	Hellcat
2389	Brutal Titan
2390	Broken Soul
2391	Glacier Stormlord
2392	Phantasm
2393	Locust of Affliction
2394	Edyrem
2395	Thunderling
2396	Storm Shaman
2397	Silver Tyrant
2398	Gale Forger
2399	Son of Lucion
2400	Fireblood
2401	Skull Clan
2402	Skull Clan
2403	Ember Prince
2404	Putrid Mauler
2405	Knight of Death
2406	Plagued Archer
2407	Plagued Warrior
2408	Fetish Stalker
2409	Fetish Hunter
2410	Annihilator
2411	Ifrit
2412	Hellion
2413	Nightmare
2414	Quill Bear
2415	Frost Raptor
2416	Bonegrinder
2417	Corruptor Archer
2418	CorruptorZ
2419	Lament
2420	Corpse Nester
2421	Warforged Shaman
2422	Bloodfire Rogue
2423	Bloodfire Rogue
2424	Steelfur Titan
2425	Hivehost
2426	Corruptor Mage
2427	Daystar
2428	Desert Scarab
2429	Dreamstealer
2430	Shredded Soul
2431	Ice Clan
2432	Jade Creeper
2433	Fallen Priest
2434	Plague Bringer
2435	Djinn
2436	Simian Rex
2437	Adder
2438	Mangler Toad
2439	Brood Swarm
2440	Cog
2441	Ice Clan
2442	Samael, Herald of the End
2443	Pain Worm
2444	Samael, Herald of the End
2445	Sacrificial Altar
2446	Sacrificial Altar
2447	Sacrificial Altar
2448	Sacrificial Altar
2449	Demonflesh Surrogate
2450	Vorpal Elytron
2451	Augmented Inquisitor
2452	Accursed Demihuman
2453	Remade Flesh
2454	Remade Flesh
2455	Remade Flesh
2456	Remade Flesh
2457	Remade Flesh
2458	Remade Flesh
2459	Remade Flesh
2460	Remade Flesh
2461	Remade Flesh
2462	Remade Flesh
2463	Remade Flesh
2464	Remade Flesh
2465	Remade Flesh
2466	Remade Flesh
2467	Remade Flesh
2468	Erinys
2469	Erinys
2470	Erinys
2471	Erinys
2472	Erinys
2473	Erinys
2474	Erinys
2475	Erinys
2476	Erinys
2477	Erinys
2478	Erinys
2479	Erinys
2480	Erinys
2481	Erinys
2482	Erinys
2483	Colossal Tunneller
2484	Colossal Tunneller
2485	Colossal Tunneller
2486	Colossal Tunneller
2487	Colossal Tunneller
2488	Colossal Tunneller
2489	Colossal Tunneller
2490	Colossal Tunneller
2491	Colossal Tunneller
2492	Colossal Tunneller
2493	Colossal Tunneller
2494	Colossal Tunneller
2495	Colossal Tunneller
2496	Colossal Tunneller
2497	Colossal Tunneller
2498	Sinew Shaper
2499	Sinew Shaper
2500	Sinew Shaper
2501	Sinew Shaper
2502	Sinew Shaper
2503	Sinew Shaper
2504	Sinew Shaper
2505	Sinew Shaper
2506	Sinew Shaper
2507	Sinew Shaper
2508	Sinew Shaper
2509	Sinew Shaper
2510	Sinew Shaper
2511	Sinew Shaper
2512	Sinew Shaper
2513	Remade Flesh
2514	Remade Flesh
2515	Remade Flesh
2516	Remade Flesh
2517	Remade Flesh
2518	Remade Flesh
2519	Remade Flesh
2520	Remade Flesh
2521	Remade Flesh
2522	Remade Flesh
2523	Remade Flesh
2524	Remade Flesh
2525	Remade Flesh
2526	Remade Flesh
2527	Remade Flesh
2528	Observer
2529	Observer
2530	Observer
2531	Observer
2532	Observer
2533	Observer
2534	Observer
2535	Observer
2536	Observer
2537	Observer
2538	Observer
2539	Observer
2540	Observer
2541	Observer
2542	Observer
2543	Twisted Necrobot
2544	Twisted Necrobot
2545	Twisted Necrobot
2546	Twisted Necrobot
2547	Twisted Necrobot
2548	Twisted Necrobot
2549	Twisted Necrobot
2550	Twisted Necrobot
2551	Twisted Necrobot
2552	Twisted Morlu
2553	Twisted Morlu
2554	Twisted Morlu
2555	Twisted Morlu
2556	Twisted Morlu
2557	Twisted Morlu
2558	Twisted Morlu
2559	Twisted Morlu
2560	Twisted Morlu
2561	Sapphire Knight
2562	Sapphire Knight
2563	Sapphire Knight
2564	Sapphire Knight
2565	Sapphire Knight
2566	Sapphire Knight
2567	Sapphire Knight
2568	Sapphire Knight
2569	Sapphire Knight
2570	Corrupted Amazon
2571	Corrupted Amazon
2572	Corrupted Amazon
2573	Corrupted Amazon
2574	Corrupted Amazon
2575	Corrupted Amazon
2576	Corrupted Amazon
2577	Corrupted Amazon
2578	Corrupted Amazon
2579	Corrupted Amazon
2580	Corrupted Amazon
2581	Corrupted Amazon
2582	Corrupted Amazon
2583	Corrupted Amazon
2584	Corrupted Assassin
2585	Corrupted Assassin
2586	Corrupted Assassin
2587	Corrupted Assassin
2588	Corrupted Assassin
2589	Corrupted Assassin
2590	Corrupted Assassin
2591	Corrupted Assassin
2592	Corrupted Assassin
2593	Corrupted Assassin
2594	Corrupted Assassin
2595	Corrupted Assassin
2596	Corrupted Assassin
2597	Corrupted Assassin
2598	Corrupted Barbarian
2599	Corrupted Barbarian
2600	Corrupted Barbarian
2601	Corrupted Barbarian
2602	Corrupted Barbarian
2603	Corrupted Barbarian
2604	Corrupted Barbarian
2605	Corrupted Barbarian
2606	Corrupted Barbarian
2607	Corrupted Barbarian
2608	Corrupted Barbarian
2609	Corrupted Barbarian
2610	Corrupted Barbarian
2611	Corrupted Barbarian
2612	Abyssal Shrine
2613	Abyssal Shrine
2614	Astrogha
2615	Astrogha
2616	Astrogha
2617	Astrogha
2618	Astrogha
2619	Astrogha
2620	Astrogha
2621	Astrogha
2622	Astrogha
2623	Astrogha
2624	Archbishop Lazarus
2625	Archbishop Lazarus
2626	Archbishop Lazarus
2627	Archbishop Lazarus
2628	Archbishop Lazarus
2629	Archbishop Lazarus
2630	Archbishop Lazarus
2631	Archbishop Lazarus
2632	Archbishop Lazarus
2633	Archbishop Lazarus
2634	Groupie
2635	Kabraxis, the Thief of Hope 
2636	Kabraxis, the Thief of Hope 
2637	Kabraxis, the Thief of Hope 
2638	Kabraxis, the Thief of Hope 
2639	Kabraxis, the Thief of Hope 
2640	Kabraxis, the Thief of Hope 
2641	Kabraxis, the Thief of Hope 
2642	Kabraxis, the Thief of Hope 
2643	Kabraxis, the Thief of Hope 
2644	Kabraxis, the Thief of Hope 
2645	Malthael
2646	Malthael
2647	Malthael
2648	Malthael
2649	Malthael
2650	Malthael
2651	Malthael
2652	Malthael
2653	Malthael
2654	Malthael
2655	Bartuc
2656	Bartuc
2657	Bartuc
2658	Bartuc
2659	Bartuc
2660	Bartuc
2661	Bartuc
2662	Bartuc
2663	Bartuc
2664	Bartuc
2665	Azmodan, Lord of Sin
2666	Azmodan, Lord of Sin
2667	Azmodan, Lord of Sin
2668	Azmodan, Lord of Sin
2669	Azmodan, Lord of Sin
2670	Azmodan, Lord of Sin
2671	Azmodan, Lord of Sin
2672	Azmodan, Lord of Sin
2673	Azmodan, Lord of Sin
2674	Azmodan, Lord of Sin
2675	Quov Tsin
2676	Quov Tsin
2677	Quov Tsin
2678	Quov Tsin
2679	Quov Tsin
2680	Quov Tsin
2681	Quov Tsin
2682	Quov Tsin
2683	Quov Tsin
2684	Quov Tsin
2685	Corrupted Necromancer
2686	Corrupted Necromancer
2687	Corrupted Necromancer
2688	Corrupted Necromancer
2689	Corrupted Necromancer
2690	Corrupted Necromancer
2691	Corrupted Necromancer
2692	Corrupted Necromancer
2693	Corrupted Necromancer
2694	Corrupted Necromancer
2695	Corrupted Necromancer
2696	Corrupted Necromancer
2697	Corrupted Necromancer
2698	Corrupted Necromancer
2699	Blood Skeleton
2700	Blood Skeleton
2701	Blood Skeleton
2702	Blood Skeleton
2703	Blood Skeleton
2704	Blood Skeleton
2705	Blood Skeleton
2706	Blood Skeleton
2707	Blood Skeleton
2708	Blood Skeleton
2709	Blood Skeleton
2710	Blood Skeleton
2711	Blood Skeleton
2712	Blood Skeleton
2713	Abyss Knight
2714	Abyss Knight
2715	Abyss Knight
2716	Abyss Knight
2717	Abyss Knight
2718	Abyss Knight
2719	Abyss Knight
2720	Abyss Knight
2721	Abyss Knight
2722	Abyss Knight
2723	Abyss Knight
2724	Abyss Knight
2725	Abyss Knight
2726	Abyss Knight
2727	Unstable Anomaly
2728	Unstable Anomaly
2729	Unstable Anomaly
2730	Unstable Anomaly
2731	Unstable Anomaly
2732	Phoboss, Nephalem's Bane
2733	Phoboss, Nephalem's Bane
2734	Phoboss, Nephalem's Bane
2735	Phoboss, Nephalem's Bane
2736	Phoboss, Nephalem's Bane
2737	Navigator
2738	Navigator
2739	Navigator
2740	Navigator
2741	Navigator
2742	Navigator
2743	Navigator
2744	Navigator
2745	Navigator
2746	Navigator
2747	Gharbad the Weak
2748	Gharbad the Weak
2749	Gharbad the Weak
2750	Gharbad the Weak
2751	Gharbad the Weak
2752	Gharbad the Weak
2753	Gharbad the Weak
2754	Gharbad the Weak
2755	Gharbad the Weak
2756	Gharbad the Weak
2757	Assur
2758	Assur
2759	Assur
2760	Assur
2761	Assur
2762	Assur
2763	Assur
2764	Assur
2765	Assur
2766	Assur
2767	UNUSED
2768	UNUSED
2769	UNUSED
2770	UNUSED
2771	UNUSED
2772	UNUSED
2773	UNUSED
2774	Treasure Goblin
2775	Shiny Hoarder
2776	Voided Horror
2777	Voided Spawn
2778	Voided Glob
2779	Arcane Collector
2780	\yellow;R\orange;a\red;i\purple;n\blue;b\dgreen;o\green;w \yellow;G\orange;o\red;b\purple;l\blue;i\dgreen;n
2781	Glowing Baron
2784	Rift Inspector
2785	Rift Inspector
2786	Rift Inspector
2787	Rift Inspector
2788	Rift Inspector
2789	Rift Inspector
2790	Rift Inspector
2791	Rift Inspector
2792	Rift Inspector
2793	Rift Inspector
2794	Rift Inspector
2795	Rift Inspector
2799	Relic Thief
2802	Trophy Seeker
2803	Decoy Goblin
2805	Herder Goblin
2806	Herder Goblin
2807	Zombie
2808	Quill Rat
2809	Fallen One
2810	Sasquatch
2811	Fallen Worshipper
2812	Enthralled Shaman
2813	Zombie
2814	Skeleton Archer
2815	Skeleton Warrior
2816	Corrupted Necromancer
2817	Enslaved Demon
2818	Corrupted Necromancer
2819	Rogue Scout
2820	Starving Wolf
2821	Fallen
2822	Brute
2823	Fallen One
2824	Vampire Bat
2825	Fallen Shaman
2826	Fallen Necromancer
2827	Skeletal Fallen
2828	Fallen
2829	Cog
2830	Fallen Warleader
2831	Fallen Alpha
2832	Carrion Worm
2833	Rogue Archer
2834	Hungry Dead
2835	Plague Bearer
2836	Plague Bearer
2837	Arach
2838	Reignited Mage
2839	Chillbones
2840	Assassin
2841	Rakanishu
2842	Steelfur Tamer
2843	Spirit Bear
2844	Shrieker
2845	Cave Snapper
2846	Moon Clan
2847	Moon Clan
2848	Spike Fiend
2849	Apparition
2850	Dire Wolf
2851	Spirit Wolf
2852	Warforged Shaman
2853	Mire Gorger
2854	Moon Clan
2855	Fallen Shaman
2856	Fallen Necromancer
2857	Fallen Warleader
2858	Death Gnat
2859	Reignited Archer
2860	Reignited Warrior
2861	Rust Fang
2862	Griswold
2863	Blood Clan
2864	Blood Clan
2865	Blood Clan Mystic
2866	Bloodfire Rogue
2867	Sanguine Rogue
2868	Sanguine Rogue Archer
2869	Thorn Beast
2870	Cultist
2871	Black Rogue
2872	Black Rogue Archer
2873	Death Clan Sacrificer
2874	Death Clan
2875	Black Knight
2876	Rogue Spellbreaker
2877	Khanduras Priest
2878	Khanduras Follower
2879	Heretic
2880	Corrupted Blade
2881	Ent
2882	Ent
2883	Black Jailor
2884	Reignited Mage
2885	Frozen Warlock
2886	Voltaic Sorcerer
2887	Leoric's Centurion
2888	Leoric's Discens
2889	Leoric's Munifex
2890	Leoric the Skeleton King
2891	Rust Claw
2892	Misshapen
2893	Blighter
2894	Broken Soul
2895	Dried Corpse
2896	Twicedamned
2897	Twicedamned
2898	Hollow One
2899	Nomad Scout
2900	Scorpion
2901	Sand Maggot Hatchling
2902	Carrion Bird
2903	Desert Hulk
2904	Sand Maggot
2905	Sand Maggot Egg
2906	Lacuni Javelinier
2907	Nomad Warrior
2908	Soverign of the Sands
2909	Blunderbore
2910	Unskinned Magister
2911	Voltaic Sorcerer
2912	Arach
2913	Bone Gnawer
2914	Vizjerei Elder
2915	Ancient Wight
2916	Nomad Seer
2917	Gestating Lamprey
2918	Lamprey Egg
2919	Lamprey Young
2920	Lacuni Javelinier
2921	Lacuni Soldier
2922	Mindleech
2923	Lamprey Egg
2924	Desert Scarab
2925	Dreamstealer
2926	Stinging Swarm
2927	Black Locusts
2928	Claw Viper
2929	Soverign of the Sands
2930	Blunderbore
2931	Hellscorched
2932	Salamander
2933	Slithering Hexer
2934	Vile Hatchling
2935	Clutch Mother
2936	Fangskin
2937	Unclean Shrine
2938	Unclean Shrine
2939	Unclean Shrine
2940	Corrupted Consort
2941	Invader
2942	Arcane Ape
2943	Malevolent Spirit
2944	Shapeless Hunger
2945	Arcane Clan
2946	Arcane Clan
2947	Condemned Vizjerei
2948	Pyromancer
2949	Lava Gorger
2950	Rockfall
2951	Fen Stalker
2952	Arachnid Horror
2953	Tree Lurker
2954	Bilespewer
2955	Spiderling
2956	Gray Widow
2957	Broodmother
2958	Broodling
2959	Jungle Hunter
2960	Jungle Hunter
2961	Treewarden
2962	Sszark the Burning
2963	Jungle Vigilant
2964	Acid Prince
2965	Flayer
2966	Flayer
2967	Flayer Shaman
2968	Fetish Rocketeer
2969	Sunken Horror
2970	Sunken Horror
2971	Deep Dweller
2972	Drowned Dead
2973	Drowned Magus
2974	Frozen Warlock
2975	Ember Prince
2976	Pygmy Plunderer
2977	Pygmy Plunderer
2978	Pygmy Ritualist
2979	Witch Doctor Endugu
2980	Drowned Magus
2981	Stormtree
2982	Cantor
2983	Faithful
2984	Faithful
2985	Pygmy Plunderer
2986	Heirophant
2987	Zealot
2988	Exalted One
2989	Devoted
2990	Jungle Vulture
2991	Twisted Councillor
2992	Corrupted Zakarumite
2993	High Priestess
2994	Disciple of Hatred
2995	Hellish Invader
2996	Ismail Vilehand
2997	Geleb Flamefinger
2998	Toorc Icefist
2999	Balrog
3000	Harvested Soul
3001	Lament
3002	Shapeless Hatred
3003	Corpse Devourer
3004	Fireblood
3005	Desecrator Knight
3006	Sacrifical Lamb
3007	Pit Lord
3008	Flamebound
3009	Moloch
3010	Toxic Temptress
3011	Rotspawn
3012	Doom Knight
3013	Deathfire Bearer
3014	Reignited Mage
3015	Fallen Hero
3016	Derelict Marksman
3017	Condemned
3018	Burning Remnant
3019	Void Archon
3020	Electrogeist
3021	Oblivion Summoner
3022	Condemned
3023	Pit Lord
3024	Oblivion Knight
3025	Oppressor
3026	Bloodwitch
3027	Knight of War
3028	Caustic Ravager
3029	Razor Spine
3030	Cruciator
3031	Battlefield Scavenger
3032	Ghost Phoenix
3033	Fell Pit Fiend
3034	Mutilator
3035	Siegebreaker
3036	Admonisher
3037	Death Mauler
3038	Corrupted Barbarian
3039	Corrupted Barbarian
3040	Riftborn
3041	Snow Drifter
3042	Windwalker
3043	Animated Ice
3044	Frost Giant
3045	Glacial Giant
3046	Son of Arreat
3047	Ice Elemental
3048	Arctic Bat
3049	Frost Raptor
3050	Returned Archer
3051	Returned Warrior
3052	Corruptor Archer
3053	Minotaur
3054	Frostborn Witch
3055	Thunderbolt
3056	Silver Tyrant
3057	Overseer
3058	Soul Reaper
3059	Doomed Minion
3060	Cabalist
3061	Hellish Burrower
3062	Horned Guard
3063	Overlord
3064	Hell Whip
3065	Pit Knight
3066	Magistrate
3067	Serafiend
3068	Moon Wailer
3069	Fallen Clansman
3070	Souless Husk
3071	Rotten Knight
3072	Necromancer Apprentice
3073	Failed Experiment
3074	Cog
3075	Colenzo the Annihilator
3076	Firestorm
3077	Poison Spewer
3078	Sir Gorash
3079	Navi
3080	Sir Gorash
3081	Ventar the Unholy
3082	Hellish Invader
3083	Lister the Tormentor
3084	Weavess
3085	Nomad Seer
3086	Pyromancer
3087	Graywar the Slayer
3088	Blackash the Burning
3089	Admonisher
3090	Craven the Shunned
3091	Souless Husk
3092	Snow Drifter
3093	Disciple of Hatred
3094	Bremm Sparkfist
3095	Corruptor Warlock
3096	Returned Mage
3097	Ascended
3098	Quill Bear
3099	Wereowl
3100	Carver
3101	Undead Lancer
3102	Undead Scout
3103	Corrupted Sister
3104	Putrid Chevalier
3105	Fallen
3106	Fallen Shaman
3107	Web Weaver
3108	Corrupted Sister
3109	Rockfall
3110	Rockfall
3111	Undead Marksman
3112	Dead Shot
3113	Arachnid Leaper
3114	Arachnon
3115	Hidden
3116	Web Weaver
3117	Vermin
3118	Vermin Butcher
3119	The Pack
3120	Living Blood
3121	Vermin Butcher
3122	Corrupted Sister
3123	Undead Lancer
3124	Undead Scout
3125	Undead Marksman
3126	Dead Shot
3127	Illusionist
3128	Unseen
3129	Carver Shaman
3130	Swamp Scion
3131	Carver Elder
3132	Carver Acolyte
3133	Cave Snapper
3134	Illusionist
3135	Unseen
3136	Scavenger
3137	Forest Ancient
3138	Boar
3139	Bone Gnasher
3140	Toxic Fungus
3141	Preying Mantis
3142	Marsh Gibbon
3143	Simian Rex
3144	Bloodbound Warrior
3145	Bloodbound Archer
3146	Bloodbound Demon
3147	Blackened One
3148	Bloated Host
3149	Stinging Swarm
3150	Khazra Blood Caller
3151	Mangled Flesh
3152	Mangled Flesh
3153	Hidden
3155	Khazra Archer
3156	Khazra Archer
3157	Khazra Archer
3158	Khazra Archer
3159	Khazra Archer
3160	Foulblooded
3161	Remade One
3162	Khazra Flesh Mender
3163	Khazra Bruiser
3164	Khazra Flesh Mender
3165	Fleshless One
3166	Bone Gasher
3167	Wasting One
3168	Ancient Vampire
3169	Arachnon
3170	Skeleton Khan
3171	Walker
3172	Phantom
3173	Eternal Prisoner
3174	Living Husk
3175	Hellion Archer
3176	Hellion Warrior
3177	Phantasm
3178	Lion
3179	Eastern Tribe
3180	Eastern Tribe
3181	Eastern Tribe
3182	Eastern Elder
3183	Daystar
3184	Spectral Assassin
3185	Yataghan
3186	King of Aranoch
3187	Twilight Tribe
3188	Twilight Tribe
3189	Twilight Tribe
3190	Twilight Elder
3191	Fire Drake
3192	Blade Adder
3193	Ghoul
3194	Toxotes
3195	Phantom
3196	Phantasm
3197	Living Husk
3198	Hellion Archer
3199	Noxious Viper
3200	Steel Serpent
3201	Corpse Crawler
3202	Undead Balrog
3203	Skeleton Khan
3204	Wight
3205	Frigid Leech
3206	Hellion Warrior
3207	Carrion Worm
3208	Arcane Witch
3209	Nether Gargoyle
3210	Hexwing
3211	Horazon's Opus
3212	Horazon's Opus
3213	Forgotten Tribe
3214	Forgotten Tribe
3215	Forgotten Tribe
3216	Forgotten Elder
3217	Living Flame
3218	Eternal Ember
3219	Castigator
3220	Reanimated Archer
3221	Reanimated Warrior
3222	Besieger
3223	Concubine
3225	Death Dancer
3226	Gorged Aphid
3227	Hive Drone
3228	Hive Overseer
3229	Incubating Egg
3230	Young Maggot
3231	Hive Mother
3232	Arthropod
3233	Jungle Mantis
3234	Hive Overseer
3235	Black Widow
3236	Spiderling
3237	Hive Overseer
3238	Black Widow
3239	Spiderling
3240	Arthropod
3241	Jungle Mantis
3242	Broodmother
3243	Bloated Host
3244	Broodling
3245	Swamp Giant
3246	Habelia
3247	Lizardman
3248	Lizardman Halbedier
3249	Lizardman Retiarius
3250	Lizardman Witch Doctor
3251	Earthshaker
3252	Ravager
3253	Lizardman
3254	Lizardman Halbedier
3255	Lizardman Retiarius
3256	Lizardman Witch Doctor
3257	Ravager
3258	Gothi
3260	Flayer
3261	Flayer Survivor
3262	Flayer Survivor
3263	Flayer Survivor
3264	Skincarver
3265	Bleeder
3266	Mundunugu
3267	Enslaved Giant
3268	Ruin Scrounger
3269	Indoctrinated Zealot
3270	Hatred Incarnate
3271	Mephisto's Turned
3272	Mephisto's Vanguard
3273	Mephisto's Cabalist
3274	Mephisto's Cabalist
3275	Twisted Councillor
3276	Vermin
3277	Vermin Butcher
3278	The Pack
3279	Vermin Butcher
3280	Vermin
3281	Vermin Butcher
3282	The Pack
3283	Vermin Butcher
3284	Mephisto's Turned
3285	Mephisto's Vanguard
3286	Mephisto's Cabalist
3287	Hag
3288	Coven Mistress
3289	Gloom
3290	Mud Runner
3291	Grimspike
3292	Volcanic Charger
3293	Rotfiend
3294	Hellish Familiar
3295	Enslaved
3296	Flayed One
3297	Flesh Harvester
3298	Soul Reaver
3299	Damned Archer
3300	Ichor Maw
3301	Ichor Maw
3302	Corpulent
3303	Corpulent
3304	Hellish Vixen
3305	Toxotes
3306	Pandemoneous
3307	Obsidian Watcher
3308	Baron of Hell
3309	Dark Sovereign
3310	Foul Crow
3311	Doom Ape
3312	Siegebreaker
3313	Demon Imp
3314	Demon Rascal
3315	Demon Gremlin
3316	Demon Trickster
3317	Siege Beast
3318	Crush Beast
3319	Blood Bringer
3320	Gore Bearer
3321	Siege Beast
3322	Crush Beast
3323	Blood Bringer
3324	Gore Bearer
3325	White Bear
3326	Arreat Terror
3327	Thrall of Destruction
3328	Plaguetusk
3329	Mesa Infestor
3330	Weredemon
3331	Contagion Carrier
3332	Sky Stalker
3333	Frozen Terror
3334	Frozen Scourge
3335	Frigid Denizen
3336	Preserved Sentinel
3337	Demonic Harpy
3338	Ice Spitter
3339	Fogmaster
3340	Risen Warrior
3341	Risen Warlord
3342	Rotted Husk
3343	Iron Servant
3344	Obsidian Protector
3345	Beholder
3346	Dread Watcher
3347	Unrighteous Hound
3348	Frigid Denizen
3349	White Bear
3350	Arreat Terror
3351	Frozen Terror
3352	Frozen Scourge
3353	Weredemon
3354	Sky Stalker
3355	Preserved Sentinel
3356	Hexwing
3357	Bloodbound Warrior
3358	Bloodbound Archer
3359	Bloodbound Demon
3360	Blackened One
3361	Wereowl
3362	Bloated Host
3363	Phantasm
3364	Toxotes
3365	Steel Serpent
3366	Earthshaker
3367	Bleeder
3368	Coven Mistress
3369	Ichor Maw
3370	Corpulent
3371	Dark Sovereign
3372	Siegebreaker
3373	Obsidian Protector
3374	Reanimated Warrior
3375	Reanimated Archer
3376	Walker
3377	Eternal Prisoner
3378	Undead Lancer
3379	Undead Scout
3380	Dried Corpse
3381	Undead Marksman
